﻿<?xml version="1.0"?>
<doc>
<assembly>
<name>
Easy Whatsapp
</name>
</assembly>
<members>
<member name="T:WhatsApp.My.Resources.Resources">
<summary>
  A strongly-typed resource class, for looking up localized strings, etc.
</summary>
</member>
<member name="P:WhatsApp.My.Resources.Resources.ResourceManager">
<summary>
  Returns the cached ResourceManager instance used by this class.
</summary>
</member>
<member name="P:WhatsApp.My.Resources.Resources.Culture">
<summary>
  Overrides the current thread's CurrentUICulture property for all
  resource lookups using this strongly typed resource class.
</summary>
</member>
<member name="P:WhatsApp.My.Resources.Resources.Connected">
<summary>
  Looks up a localized resource of type System.Drawing.Bitmap.
</summary>
</member>
<member name="P:WhatsApp.My.Resources.Resources.Connecting">
<summary>
  Looks up a localized resource of type System.Drawing.Bitmap.
</summary>
</member>
<member name="P:WhatsApp.My.Resources.Resources.icons8_pause_30px">
<summary>
  Looks up a localized resource of type System.Drawing.Bitmap.
</summary>
</member>
<member name="P:WhatsApp.My.Resources.Resources.icons8_synchronize_30px">
<summary>
  Looks up a localized resource of type System.Drawing.Bitmap.
</summary>
</member>
<member name="P:WhatsApp.My.Resources.Resources.icons8_whatsapp_30px">
<summary>
  Looks up a localized resource of type System.Drawing.Bitmap.
</summary>
</member>
<member name="P:WhatsApp.My.Resources.Resources.Report">
<summary>
  Looks up a localized string similar to &lt;!DOCTYPE html&gt;
&lt;html xmlns:msxsl=&quot;urn:schemas-microsoft-com:xslt&quot;&gt;
   &lt;head&gt;
      &lt;meta http-equiv=&quot;Content-Type&quot; content=&quot;text/html; charset=UTF-16LE&quot;&gt;
      &lt;meta content=&quot;en-us&quot; http-equiv=&quot;Content-Language&quot;&gt;
      &lt;title _locid=&quot;ConversionReport0&quot;&gt;
         Bulk WhatsApp Sender - Report
      &lt;/title&gt;
      &lt;style&gt; 
         /* Body style, for the entire document */
		 
		 #maincontent
		 {
			width:95%;
			 margin: 0 auto;
			 background-color:White;
		 }
		 
         body
         [rest of string was truncated]&quot;;.
</summary>
</member>
<member name="P:WhatsApp.My.Resources.Resources.SendWhatsapp">
<summary>
  Looks up a localized resource of type System.Drawing.Bitmap.
</summary>
</member>
<member name="F:WhatsApp.ModuleConfig.LicenseMode">
 <summary>
 Make license mode True if you are reseller user 
 </summary>
</member>
</members>
</doc>
